BEGIN TRANSACTION;
CREATE TABLE "schema_migrations" ("version" varchar(255) NOT NULL);
INSERT INTO "schema_migrations" VALUES('20090311154752');
INSERT INTO "schema_migrations" VALUES('20090311155551');
INSERT INTO "schema_migrations" VALUES('20090311163451');
INSERT INTO "schema_migrations" VALUES('20090316142156');
INSERT INTO "schema_migrations" VALUES('20090507154327');
INSERT INTO "schema_migrations" VALUES('20090509130605');
INSERT INTO "schema_migrations" VALUES('20090509140411');
INSERT INTO "schema_migrations" VALUES('20090509140626');
INSERT INTO "schema_migrations" VALUES('20090513141347');
INSERT INTO "schema_migrations" VALUES('20090524141855');
INSERT INTO "schema_migrations" VALUES('20090524163757');
INSERT INTO "schema_migrations" VALUES('20090524164819');
INSERT INTO "schema_migrations" VALUES('20090528163206');
INSERT INTO "schema_migrations" VALUES('20090529132423');
INSERT INTO "schema_migrations" VALUES('20090529143623');
INSERT INTO "schema_migrations" VALUES('20090529152529');
INSERT INTO "schema_migrations" VALUES('20090603094807');
INSERT INTO "schema_migrations" VALUES('20090603095248');
INSERT INTO "schema_migrations" VALUES('20090603095429');
INSERT INTO "schema_migrations" VALUES('20090603095630');
CREATE TABLE "tags" ("id" INTEGER PRIMARY KEY AUTOINCREMENT NOT NULL, "name" varchar(255) DEFAULT '', "kind" varchar(255) DEFAULT '', "created_at" datetime, "updated_at" datetime);
INSERT INTO "tags" VALUES(2, 'chair', 'type', '2009-05-27 12:16:32', '2009-05-27 12:16:32');
INSERT INTO "tags" VALUES(3, 'sofa', 'type', '2009-05-27 13:32:51', '2009-05-27 13:32:51');
INSERT INTO "tags" VALUES(4, 'stool', 'type', '2009-05-27 13:34:51', '2009-05-27 13:34:51');
INSERT INTO "tags" VALUES(5, 'armchair', 'type', '2009-05-27 13:35:12', '2009-05-27 13:35:12');
INSERT INTO "tags" VALUES(6, 'dining chair', 'type', '2009-05-27 13:35:30', '2009-05-27 13:35:30');
INSERT INTO "tags" VALUES(7, 'bench', 'type', '2009-05-27 13:36:40', '2009-05-27 13:36:40');
INSERT INTO "tags" VALUES(8, 'daybed', 'type', '2009-05-27 13:36:59', '2009-05-27 13:36:59');
INSERT INTO "tags" VALUES(9, 'table', 'type', '2009-05-27 13:37:13', '2009-05-27 13:37:13');
INSERT INTO "tags" VALUES(11, 'bed', 'type', '2009-05-27 13:37:55', '2009-05-27 13:37:55');
INSERT INTO "tags" VALUES(12, 'living room', 'room', '2009-05-27 13:44:39', '2009-05-27 13:44:39');
INSERT INTO "tags" VALUES(13, 'bedroom', 'room', '2009-05-27 13:45:22', '2009-05-27 13:45:22');
INSERT INTO "tags" VALUES(14, 'kitchen', 'room', '2009-05-27 13:45:31', '2009-05-27 13:45:31');
INSERT INTO "tags" VALUES(15, 'conservatory', 'room', '2009-05-27 13:45:42', '2009-05-27 13:45:42');
INSERT INTO "tags" VALUES(16, 'dining room', 'room', '2009-05-27 13:46:00', '2009-05-27 13:46:00');
INSERT INTO "tags" VALUES(17, 'bathroom', 'room', '2009-05-27 13:47:36', '2009-05-27 13:47:36');
INSERT INTO "tags" VALUES(18, 'classic', 'type', '2009-05-27 13:48:02', '2009-05-27 13:48:02');
INSERT INTO "tags" VALUES(19, 'reception area', 'room', '2009-06-08 12:46:00', '2009-06-08 12:46:00');
INSERT INTO "tags" VALUES(20, 'café/bar area', 'room', '2009-06-08 13:59:29', '2009-06-08 13:59:29');
INSERT INTO "tags" VALUES(21, 'Outdoor Chair', 'outdoor', '2009-06-08 15:06:02', '2009-06-08 15:06:02');
DELETE FROM sqlite_sequence;
INSERT INTO "sqlite_sequence" VALUES('product_ranges', 28);
INSERT INTO "sqlite_sequence" VALUES('tags', 21);
INSERT INTO "sqlite_sequence" VALUES('products', 29);
INSERT INTO "sqlite_sequence" VALUES('taggings', 72);
INSERT INTO "sqlite_sequence" VALUES('messages', 2);
INSERT INTO "sqlite_sequence" VALUES('product_attribute_fields', 11);
INSERT INTO "sqlite_sequence" VALUES('product_attributes', 3);
INSERT INTO "sqlite_sequence" VALUES('projects', 2);
INSERT INTO "sqlite_sequence" VALUES('weaves', 5);
INSERT INTO "sqlite_sequence" VALUES('fabrics', 1);
INSERT INTO "sqlite_sequence" VALUES('product_weaves', 10);
INSERT INTO "sqlite_sequence" VALUES('product_fabrics', 6);
CREATE TABLE "product_ranges" ("id" INTEGER PRIMARY KEY AUTOINCREMENT NOT NULL, "name" varchar(255), "created_at" datetime, "updated_at" datetime, "image_file_name" varchar(255), "image_content_type" varchar(255), "image_file_size" integer, "image_updated_at" datetime, "description" text);
INSERT INTO "product_ranges" VALUES(1, 'Amy', '2009-05-27 11:46:27', '2009-05-27 11:46:27', 'Location_Amy.jpg', 'image/jpeg', 415379, '2009-05-27 11:46:27', '');
INSERT INTO "product_ranges" VALUES(2, 'Apollo', '2009-05-27 11:47:26', '2009-05-27 11:47:26', 'Location_Apollo.jpg', 'image/jpeg', 431395, '2009-05-27 11:47:26', '');
INSERT INTO "product_ranges" VALUES(3, 'Babbington', '2009-05-27 13:39:39', '2009-05-27 13:39:39', 'Location_Babbington.jpg', 'image/jpeg', 420149, '2009-05-27 13:39:38', '');
INSERT INTO "product_ranges" VALUES(4, 'Balmoral', '2009-05-27 13:40:08', '2009-06-04 14:07:00', 'Location_Balmoral.jpg', 'image/jpeg', 397531, '2009-06-04 14:06:59', '');
INSERT INTO "product_ranges" VALUES(5, 'Bantam', '2009-05-27 13:40:48', '2009-05-27 13:40:48', 'Location_Bantam.jpg', 'image/jpeg', 549696, '2009-05-27 13:40:47', '');
INSERT INTO "product_ranges" VALUES(6, 'Burghley', '2009-06-04 14:06:03', '2009-06-04 14:06:03', 'Burghley_Location.jpg', 'image/jpeg', 433222, '2009-06-04 14:06:01', '');
INSERT INTO "product_ranges" VALUES(7, 'Barcelona', '2009-06-04 14:08:29', '2009-06-04 14:08:29', 'Barcelona_Location.jpg', 'image/jpeg', 331729, '2009-06-04 14:08:28', '');
INSERT INTO "product_ranges" VALUES(8, 'Bolero', '2009-06-04 14:09:12', '2009-06-04 14:09:12', 'Location_Bolero.jpg', 'image/jpeg', 372020, '2009-06-04 14:09:12', '');
INSERT INTO "product_ranges" VALUES(9, 'Bossanova', '2009-06-04 14:10:12', '2009-06-04 14:10:12', 'Location_Bossanova.jpg', 'image/jpeg', 558250, '2009-06-04 14:10:11', '');
INSERT INTO "product_ranges" VALUES(10, 'Boston', '2009-06-04 14:10:57', '2009-06-04 14:10:57', 'Location_Boston.jpg', 'image/jpeg', 368579, '2009-06-04 14:10:56', '');
INSERT INTO "product_ranges" VALUES(11, 'Boston Lounge', '2009-06-04 14:11:45', '2009-06-04 14:11:45', 'Boston_Lounge_Location.jpg', 'image/jpeg', 470775, '2009-06-04 14:11:45', '');
INSERT INTO "product_ranges" VALUES(12, 'Chester', '2009-06-04 14:12:55', '2009-06-04 14:12:55', 'Location_Chester.jpg', 'image/jpeg', 338779, '2009-06-04 14:12:55', '');
INSERT INTO "product_ranges" VALUES(13, 'Childrens', '2009-06-04 14:13:35', '2009-06-04 14:13:35', 'Location_Childrens.jpg', 'image/jpeg', 198367, '2009-06-04 14:13:35', '');
INSERT INTO "product_ranges" VALUES(14, 'Cumberland', '2009-06-04 14:14:26', '2009-06-04 14:14:26', 'Location_Cumberland.jpg', 'image/jpeg', 319157, '2009-06-04 14:14:26', '');
INSERT INTO "product_ranges" VALUES(15, 'Delos Cubes', '2009-06-04 14:15:04', '2009-06-04 14:15:04', 'Location_Delos_Cubes.jpg', 'image/jpeg', 287425, '2009-06-04 14:15:03', '');
INSERT INTO "product_ranges" VALUES(16, 'Derby', '2009-06-04 14:15:59', '2009-06-04 14:15:59', 'Derby_Location.jpg', 'image/jpeg', 393087, '2009-06-04 14:15:58', '');
INSERT INTO "product_ranges" VALUES(17, 'Fireside', '2009-06-04 14:16:42', '2009-06-04 14:16:42', 'Location_Fireside.jpg', 'image/jpeg', 330968, '2009-06-04 14:16:42', '');
INSERT INTO "product_ranges" VALUES(18, 'Lincoln', '2009-06-04 14:17:36', '2009-06-04 14:17:36', 'Location_Lincoln.jpg', 'image/jpeg', 343491, '2009-06-04 14:17:35', '');
INSERT INTO "product_ranges" VALUES(19, 'Madrid', '2009-06-04 14:18:21', '2009-06-04 14:18:21', 'Madrid_Location.jpg', 'image/jpeg', 388547, '2009-06-04 14:18:20', '');
INSERT INTO "product_ranges" VALUES(20, 'Nemo', '2009-06-04 14:20:25', '2009-06-04 14:20:25', 'Location_Nemo.jpg', 'image/jpeg', 402414, '2009-06-04 14:20:24', '');
INSERT INTO "product_ranges" VALUES(21, 'Neusis', '2009-06-04 14:23:26', '2009-06-04 14:23:26', 'location_Neusis.jpg', 'image/jpeg', 379059, '2009-06-04 14:23:25', '');
INSERT INTO "product_ranges" VALUES(22, 'Newmarket', '2009-06-04 14:35:03', '2009-06-04 14:35:03', 'Newmarket_Location.jpg', 'image/jpeg', 438852, '2009-06-04 14:35:02', '');
INSERT INTO "product_ranges" VALUES(23, 'Orient', '2009-06-04 14:37:50', '2009-06-04 14:37:50', 'Orient_Location.jpg', 'image/jpeg', 486361, '2009-06-04 14:37:49', '');
INSERT INTO "product_ranges" VALUES(24, 'Orion', '2009-06-04 14:39:49', '2009-06-04 14:39:49', 'Location_Orion.jpg', 'image/jpeg', 362797, '2009-06-04 14:39:49', '');
INSERT INTO "product_ranges" VALUES(25, 'Belvoir', '2009-06-08 12:31:28', '2009-06-08 12:31:28', 'Location_Belvoir.jpg', 'image/jpeg', 460433, '2009-06-08 12:31:27', '');
INSERT INTO "product_ranges" VALUES(26, 'Winsover', '2009-06-08 12:48:08', '2009-06-08 12:48:08', 'Location_Winsover.jpg', 'image/jpeg', 334721, '2009-06-08 12:48:07', '');
INSERT INTO "product_ranges" VALUES(27, 'York', '2009-06-08 12:58:52', '2009-06-08 12:58:52', 'Location_York.jpg', 'image/jpeg', 495566, '2009-06-08 12:58:51', 'b');
INSERT INTO "product_ranges" VALUES(28, 'Bistro', '2009-06-08 13:50:13', '2009-06-08 13:51:41', 'Location_Bistro.jpg', 'image/jpeg', 394227, '2009-06-08 13:51:40', '');
CREATE TABLE "news_items" ("id" INTEGER PRIMARY KEY AUTOINCREMENT NOT NULL, "headline" varchar(255), "content" text, "created_at" datetime, "updated_at" datetime, "image_file_name" varchar(255), "image_content_type" varchar(255), "image_file_size" integer, "image_updated_at" datetime, "doc_file_name" varchar(255), "doc_content_type" varchar(255), "doc_file_size" integer, "doc_updated_at" datetime);
CREATE TABLE "projects" ("id" INTEGER PRIMARY KEY AUTOINCREMENT NOT NULL, "title" varchar(255), "description" text, "created_at" datetime, "updated_at" datetime, "image_file_name" varchar(255), "image_content_type" varchar(255), "image_file_size" integer, "image_updated_at" datetime);
INSERT INTO "projects" VALUES(2, 'Chatswoirth house', 'Lorem ipsum dolor sit amet, consectetur adipiscing elit. Vestibulum accumsan egestas risus, sit amet interdum libero rhoncus id. Aliquam erat volutpat. Duis sit amet orci lectus, eu pellentesque sapien. Phasellus a massa dolor. Cras semper augue sit amet nisl sodales tempor aliquam mauris vestibulum. Pellentesque convallis scelerisque velit. Vivamus at ipsum erat, eu fermentum massa. Vivamus dignissim eros id eros molestie lobortis. Class aptent taciti sociosqu ad litora torquent per conubia nostra, per inceptos himenaeos. Integer volutpat convallis lectus, at scelerisque tortor dignissim vitae. Duis lacinia, nunc nec eleifend scelerisque, orci nunc egestas sem, non vehicula dui ipsum sed risus. In non nunc felis. Praesent at molestie velit. ', '2009-06-04 14:43:48', '2009-06-04 16:30:22', 'Untitled-x2.jpg', 'image/jpeg', 77811, '2009-06-04 14:43:47');
CREATE TABLE "messages" ("id" INTEGER PRIMARY KEY AUTOINCREMENT NOT NULL, "name" varchar(255), "email" varchar(255), "phone" varchar(255), "subject" varchar(255), "body" text, "created_at" datetime, "updated_at" datetime);
INSERT INTO "messages" VALUES(1, 'Davey Crocket', 'kips@mossface.com', '01780408123', 'Brochure request', 'Large hawaiian  pizza with extra cheese please', '2009-06-01 17:39:19', '2009-06-01 17:39:19');
INSERT INTO "messages" VALUES(2, 'Steve', 'steve@lloydloom.com', '07825668652', 'Brochure request', 'Yes, I''d like to be taken to the brochure download section :) Anything else you''d like to let us know about?', '2009-06-04 15:00:47', '2009-06-04 15:00:47');
CREATE TABLE "products" ("id" INTEGER PRIMARY KEY AUTOINCREMENT NOT NULL, "name" varchar(255), "description" text(255), "width" integer, "depth" integer, "height" integer, "code" varchar(255), "product_range_id" integer, "highlighted" integer, "created_at" datetime, "updated_at" datetime, "image_file_name" varchar(255), "image_content_type" varchar(255), "image_file_size" integer, "image_updated_at" datetime);
INSERT INTO "products" VALUES(1, 'Amy Armchair', 'amy arm chair', 610, 650, 830, 'C018', 1, 5, '2009-05-27 13:44:39', '2009-06-08 12:12:45', 'Amy.jpg', 'image/jpeg', 188531, '2009-05-27 13:44:38');
INSERT INTO "products" VALUES(3, 'Babbington Armchair', 'Blank', NULL, NULL, NULL, 'C081', 3, NULL, '2009-06-04 10:46:41', '2009-06-04 10:46:41', 'Babbington_Armchair.jpg', 'image/jpeg', 127056, '2009-06-04 10:46:40');
INSERT INTO "products" VALUES(4, 'Amy Armchair with Skirt', 'Blank', NULL, NULL, NULL, 'C018S', 1, NULL, '2009-06-08 12:09:58', '2009-06-08 12:09:58', 'Amy_Skirt.jpg', 'image/jpeg', 218150, '2009-06-08 12:09:57');
INSERT INTO "products" VALUES(5, 'Amy Armchair with Drop in Seat', 'B', NULL, NULL, NULL, 'C018D', 1, NULL, '2009-06-08 12:11:18', '2009-06-08 12:11:18', 'Amy_Drop-in_Seat.jpg', 'image/jpeg', 220487, '2009-06-08 12:11:18');
INSERT INTO "products" VALUES(6, 'Apollo Dining Chair with Padded Seat', 'b', NULL, NULL, NULL, 'C058', 2, NULL, '2009-06-08 12:15:12', '2009-06-08 12:15:12', 'Apollo_Padded_Seat.jpg', 'image/jpeg', 113320, '2009-06-08 12:15:12');
INSERT INTO "products" VALUES(7, 'Apollo Dining Chair Fully Upholstered', 'b', NULL, NULL, NULL, 'C058FU', 2, 5, '2009-06-08 12:16:25', '2009-06-08 12:16:44', 'Apollo_FU.jpg', 'image/jpeg', 115073, '2009-06-08 12:16:44');
INSERT INTO "products" VALUES(8, 'Apollo Dining Chair with Fabric Seat', 'B', NULL, NULL, NULL, 'C058U', 2, 4, '2009-06-08 12:17:32', '2009-06-08 12:17:32', 'Apollo_Fabric_Seat.jpg', 'image/jpeg', 112406, '2009-06-08 12:17:32');
INSERT INTO "products" VALUES(9, 'Burghley Armchair', 'b', NULL, NULL, NULL, 'C001', 6, NULL, '2009-06-08 12:19:23', '2009-06-08 12:19:23', 'Burghley_Armchair.jpg', 'image/jpeg', 170589, '2009-06-08 12:19:23');
INSERT INTO "products" VALUES(10, 'Burghley Armchair with Skirt', 'b', NULL, NULL, NULL, 'C001S', 6, 5, '2009-06-08 12:20:44', '2009-06-08 12:20:44', 'Burghley_Skirt.jpg', 'image/jpeg', 175436, '2009-06-08 12:20:44');
INSERT INTO "products" VALUES(11, 'Burghley Armchair with Skirt and Padded seat', 'b', NULL, NULL, NULL, 'C001SP', 6, NULL, '2009-06-08 12:21:58', '2009-06-08 12:21:58', 'Burghley_Padded_Seat_Skirt.jpg', 'image/jpeg', 175485, '2009-06-08 12:21:58');
INSERT INTO "products" VALUES(12, 'Burghley Armchair with Drop in Seat', 'B', NULL, NULL, NULL, 'C001D', 6, NULL, '2009-06-08 12:23:19', '2009-06-08 12:23:19', 'Burghley_Dropin.jpg', 'image/jpeg', 203591, '2009-06-08 12:23:19');
INSERT INTO "products" VALUES(13, 'Burghley Armchair Fully Upholstered', 'B', NULL, NULL, NULL, 'C001DFU', 6, 1, '2009-06-08 12:24:10', '2009-06-08 12:24:10', 'Burghley_FU.jpg', 'image/jpeg', 162732, '2009-06-08 12:24:10');
INSERT INTO "products" VALUES(14, 'Belvoir Armchair', 'b', NULL, NULL, NULL, 'C002', 25, 2, '2009-06-08 12:29:13', '2009-06-08 12:32:14', 'Belvoir_Armchair.jpg', 'image/jpeg', 191095, '2009-06-08 12:29:13');
INSERT INTO "products" VALUES(15, 'Belvoir Armchair with Skirt', 'B', NULL, NULL, NULL, 'C002S', 25, 3, '2009-06-08 12:30:33', '2009-06-08 12:32:40', 'Belvoir_Skirt.jpg', 'image/jpeg', 197056, '2009-06-08 12:30:32');
INSERT INTO "products" VALUES(16, 'Belvoir Armchair with Skirt and Padded Seat', 'B', NULL, NULL, NULL, 'C002SP', 25, 3, '2009-06-08 12:33:54', '2009-06-08 12:33:54', 'Belvoir_Padded_Seat_Skirt.jpg', 'image/jpeg', 196820, '2009-06-08 12:33:54');
INSERT INTO "products" VALUES(17, 'Belvoir Armchair with Skirt and Drop-in Seat', 'b', NULL, NULL, NULL, 'C002D', 25, 3, '2009-06-08 12:35:16', '2009-06-08 12:35:16', 'Belvoir_Dropin.jpg', 'image/jpeg', 197695, '2009-06-08 12:35:16');
INSERT INTO "products" VALUES(18, 'Balmoral Armchair with Skirt and Padded Seat', 'B', NULL, NULL, NULL, 'C003SP', 4, 3, '2009-06-08 12:39:13', '2009-06-08 12:39:13', 'Balmoral_Chair.jpg', 'image/jpeg', 279943, '2009-06-08 12:39:13');
INSERT INTO "products" VALUES(19, 'Cumberland Armchair with Drop-in Seat', 'b', NULL, NULL, NULL, 'C022D', NULL, 3, '2009-06-08 12:46:00', '2009-06-08 12:46:00', 'Cumberland_Chair.jpg', 'image/jpeg', 180488, '2009-06-08 12:45:59');
INSERT INTO "products" VALUES(20, 'Winsover Armchair', 'b', NULL, NULL, NULL, 'C031', 26, 3, '2009-06-08 12:47:24', '2009-06-08 12:48:52', 'Winsover.jpg', 'image/jpeg', 204619, '2009-06-08 12:47:24');
INSERT INTO "products" VALUES(21, 'Winsover Armchair with Drop-in Seat', 'b', NULL, NULL, NULL, 'C031D', 26, 3, '2009-06-08 12:53:41', '2009-06-08 12:53:41', 'Winsover_Drop-in.jpg', 'image/jpeg', 207616, '2009-06-08 12:53:40');
INSERT INTO "products" VALUES(22, 'Chester Dining Chair with Skirt and Padded Seat', 'b', NULL, NULL, NULL, 'C036SP', 12, 3, '2009-06-08 12:55:23', '2009-06-08 12:55:23', 'Chester_Chair.jpg', 'image/jpeg', 189183, '2009-06-08 12:55:22');
INSERT INTO "products" VALUES(23, 'York Dining Chair', 'D', NULL, NULL, NULL, 'C037MSP', 27, 3, '2009-06-08 12:56:30', '2009-06-08 12:59:40', 'York_Chair.jpg', 'image/jpeg', 150957, '2009-06-08 12:56:29');
INSERT INTO "products" VALUES(24, 'York Dining Chair with Sloping Skirt and Padded Seat', 'b', NULL, NULL, NULL, 'C037SSP', 27, 2, '2009-06-08 13:00:43', '2009-06-08 13:00:43', 'York_Sloping_Skirt.jpg', 'image/jpeg', 190599, '2009-06-08 13:00:42');
INSERT INTO "products" VALUES(25, 'Bistro Dining Chair with Fabric Seat', 'b', NULL, NULL, NULL, 'C038SF', 28, 3, '2009-06-08 13:53:51', '2009-06-08 13:53:51', 'Bistro_Fabric_Seat.jpg', 'image/jpeg', 105632, '2009-06-08 13:53:50');
INSERT INTO "products" VALUES(26, 'Bistro Dining Chair', 'b', NULL, NULL, NULL, 'C038', 28, 2, '2009-06-08 13:56:33', '2009-06-08 13:56:33', 'Bistro_Weave_Seat.jpg', 'image/jpeg', 107223, '2009-06-08 13:56:32');
INSERT INTO "products" VALUES(27, 'Bistro Low Stool', 'b', NULL, NULL, NULL, 'ST003', 28, 3, '2009-06-08 13:57:34', '2009-06-08 13:57:34', 'Bistro_Low_Stool.jpg', 'image/jpeg', 95714, '2009-06-08 13:57:34');
INSERT INTO "products" VALUES(28, 'Bistro High Stool', 'b', NULL, NULL, NULL, 'ST005', 28, 3, '2009-06-08 13:59:29', '2009-06-08 13:59:29', 'Bistro_Stool.jpg', 'image/jpeg', 99454, '2009-06-08 13:59:28');
INSERT INTO "products" VALUES(29, 'All Weather Bantam', 'b', NULL, NULL, NULL, 'OC08 - 10', 8, 3, '2009-06-08 15:06:02', '2009-06-08 15:06:02', 'Outdoor_Bantam.jpg', 'image/jpeg', 69795, '2009-06-08 15:06:01');
CREATE TABLE "taggings" ("id" INTEGER PRIMARY KEY AUTOINCREMENT NOT NULL, "tag_id" integer, "taggable_type" varchar(255) DEFAULT '', "taggable_id" integer, "created_at" datetime, "updated_at" datetime, "highlighted" integer DEFAULT 0);
INSERT INTO "taggings" VALUES(11, 17, 'Product', 4, '2009-06-08 12:09:58', '2009-06-08 12:09:58', 0);
INSERT INTO "taggings" VALUES(12, 5, 'Product', 5, '2009-06-08 12:11:18', '2009-06-08 12:11:18', 0);
INSERT INTO "taggings" VALUES(13, 18, 'Product', 5, '2009-06-08 12:11:18', '2009-06-08 12:11:18', 0);
INSERT INTO "taggings" VALUES(14, 12, 'Product', 5, '2009-06-08 12:11:18', '2009-06-08 12:11:18', 0);
INSERT INTO "taggings" VALUES(15, 13, 'Product', 5, '2009-06-08 12:11:18', '2009-06-08 12:11:18', 0);
INSERT INTO "taggings" VALUES(16, 14, 'Product', 5, '2009-06-08 12:11:18', '2009-06-08 12:11:18', 0);
INSERT INTO "taggings" VALUES(17, 15, 'Product', 5, '2009-06-08 12:11:18', '2009-06-08 12:11:18', 0);
INSERT INTO "taggings" VALUES(18, 6, 'Product', 6, '2009-06-08 12:15:12', '2009-06-08 12:15:12', 0);
INSERT INTO "taggings" VALUES(19, 14, 'Product', 6, '2009-06-08 12:15:12', '2009-06-08 12:15:12', 0);
INSERT INTO "taggings" VALUES(20, 16, 'Product', 6, '2009-06-08 12:15:12', '2009-06-08 12:15:12', 0);
INSERT INTO "taggings" VALUES(21, 6, 'Product', 10, '2009-06-08 12:20:44', '2009-06-08 12:20:44', 0);
INSERT INTO "taggings" VALUES(22, 13, 'Product', 10, '2009-06-08 12:20:44', '2009-06-08 12:20:44', 0);
INSERT INTO "taggings" VALUES(23, 14, 'Product', 10, '2009-06-08 12:20:44', '2009-06-08 12:20:44', 0);
INSERT INTO "taggings" VALUES(24, 15, 'Product', 10, '2009-06-08 12:20:44', '2009-06-08 12:20:44', 0);
INSERT INTO "taggings" VALUES(25, 16, 'Product', 10, '2009-06-08 12:20:44', '2009-06-08 12:20:44', 0);
INSERT INTO "taggings" VALUES(26, 17, 'Product', 10, '2009-06-08 12:20:44', '2009-06-08 12:20:44', 0);
INSERT INTO "taggings" VALUES(27, 5, 'Product', 12, '2009-06-08 12:23:19', '2009-06-08 12:23:19', 0);
INSERT INTO "taggings" VALUES(28, 18, 'Product', 12, '2009-06-08 12:23:19', '2009-06-08 12:23:19', 0);
INSERT INTO "taggings" VALUES(29, 12, 'Product', 12, '2009-06-08 12:23:19', '2009-06-08 12:23:19', 0);
INSERT INTO "taggings" VALUES(31, 6, 'Product', 16, '2009-06-08 12:33:54', '2009-06-08 12:33:54', 0);
INSERT INTO "taggings" VALUES(32, 14, 'Product', 16, '2009-06-08 12:33:54', '2009-06-08 12:33:54', 0);
INSERT INTO "taggings" VALUES(33, 16, 'Product', 16, '2009-06-08 12:33:54', '2009-06-08 12:33:54', 0);
INSERT INTO "taggings" VALUES(34, 17, 'Product', 16, '2009-06-08 12:33:54', '2009-06-08 12:33:54', 0);
INSERT INTO "taggings" VALUES(35, 5, 'Product', 17, '2009-06-08 12:35:16', '2009-06-08 12:35:16', 0);
INSERT INTO "taggings" VALUES(36, 18, 'Product', 17, '2009-06-08 12:35:16', '2009-06-08 12:35:16', 0);
INSERT INTO "taggings" VALUES(37, 12, 'Product', 17, '2009-06-08 12:35:16', '2009-06-08 12:35:16', 0);
INSERT INTO "taggings" VALUES(38, 13, 'Product', 17, '2009-06-08 12:35:16', '2009-06-08 12:35:16', 0);
INSERT INTO "taggings" VALUES(39, 15, 'Product', 17, '2009-06-08 12:35:16', '2009-06-08 12:35:16', 0);
INSERT INTO "taggings" VALUES(40, 5, 'Product', 18, '2009-06-08 12:39:13', '2009-06-08 12:39:13', 0);
INSERT INTO "taggings" VALUES(41, 18, 'Product', 18, '2009-06-08 12:39:13', '2009-06-08 12:39:13', 0);
INSERT INTO "taggings" VALUES(42, 12, 'Product', 18, '2009-06-08 12:39:13', '2009-06-08 12:39:13', 0);
INSERT INTO "taggings" VALUES(43, 13, 'Product', 18, '2009-06-08 12:39:13', '2009-06-08 12:39:13', 0);
INSERT INTO "taggings" VALUES(44, 14, 'Product', 18, '2009-06-08 12:39:14', '2009-06-08 12:39:14', 0);
INSERT INTO "taggings" VALUES(45, 15, 'Product', 18, '2009-06-08 12:39:14', '2009-06-08 12:39:14', 0);
INSERT INTO "taggings" VALUES(46, 17, 'Product', 18, '2009-06-08 12:39:14', '2009-06-08 12:39:14', 0);
INSERT INTO "taggings" VALUES(47, 5, 'Product', 19, '2009-06-08 12:46:00', '2009-06-08 12:46:00', 0);
INSERT INTO "taggings" VALUES(48, 18, 'Product', 19, '2009-06-08 12:46:00', '2009-06-08 12:46:00', 0);
INSERT INTO "taggings" VALUES(49, 12, 'Product', 19, '2009-06-08 12:46:00', '2009-06-08 12:46:00', 0);
INSERT INTO "taggings" VALUES(50, 13, 'Product', 19, '2009-06-08 12:46:00', '2009-06-08 12:46:00', 0);
INSERT INTO "taggings" VALUES(51, 15, 'Product', 19, '2009-06-08 12:46:00', '2009-06-08 12:46:00', 0);
INSERT INTO "taggings" VALUES(52, 19, 'Product', 19, '2009-06-08 12:46:00', '2009-06-08 12:46:00', 0);
INSERT INTO "taggings" VALUES(53, 5, 'Product', 21, '2009-06-08 12:53:41', '2009-06-08 12:53:41', 0);
INSERT INTO "taggings" VALUES(54, 18, 'Product', 21, '2009-06-08 12:53:41', '2009-06-08 12:53:41', 0);
INSERT INTO "taggings" VALUES(55, 12, 'Product', 21, '2009-06-08 12:53:41', '2009-06-08 12:53:41', 0);
INSERT INTO "taggings" VALUES(56, 13, 'Product', 21, '2009-06-08 12:53:41', '2009-06-08 12:53:41', 0);
INSERT INTO "taggings" VALUES(57, 15, 'Product', 21, '2009-06-08 12:53:41', '2009-06-08 12:53:41', 0);
INSERT INTO "taggings" VALUES(58, 6, 'Product', 22, '2009-06-08 12:55:23', '2009-06-08 12:55:23', 0);
INSERT INTO "taggings" VALUES(59, 16, 'Product', 22, '2009-06-08 12:55:23', '2009-06-08 12:55:23', 0);
INSERT INTO "taggings" VALUES(60, 6, 'Product', 24, '2009-06-08 13:00:43', '2009-06-08 13:00:43', 0);
INSERT INTO "taggings" VALUES(61, 16, 'Product', 24, '2009-06-08 13:00:43', '2009-06-08 13:00:43', 0);
INSERT INTO "taggings" VALUES(62, 6, 'Product', 26, '2009-06-08 13:56:33', '2009-06-08 13:56:33', 0);
INSERT INTO "taggings" VALUES(63, 18, 'Product', 26, '2009-06-08 13:56:33', '2009-06-08 13:56:33', 0);
INSERT INTO "taggings" VALUES(64, 13, 'Product', 26, '2009-06-08 13:56:33', '2009-06-08 13:56:33', 0);
INSERT INTO "taggings" VALUES(65, 14, 'Product', 26, '2009-06-08 13:56:33', '2009-06-08 13:56:33', 0);
INSERT INTO "taggings" VALUES(66, 15, 'Product', 26, '2009-06-08 13:56:33', '2009-06-08 13:56:33', 0);
INSERT INTO "taggings" VALUES(67, 16, 'Product', 26, '2009-06-08 13:56:33', '2009-06-08 13:56:33', 0);
INSERT INTO "taggings" VALUES(68, 4, 'Product', 28, '2009-06-08 13:59:29', '2009-06-08 13:59:29', 0);
INSERT INTO "taggings" VALUES(69, 14, 'Product', 28, '2009-06-08 13:59:29', '2009-06-08 13:59:29', 0);
INSERT INTO "taggings" VALUES(70, 19, 'Product', 28, '2009-06-08 13:59:29', '2009-06-08 13:59:29', 0);
INSERT INTO "taggings" VALUES(71, 20, 'Product', 28, '2009-06-08 13:59:29', '2009-06-08 13:59:29', 0);
INSERT INTO "taggings" VALUES(72, 21, 'Product', 29, '2009-06-08 15:06:02', '2009-06-08 15:06:02', 0);
CREATE TABLE "product_attribute_fields" ("id" INTEGER PRIMARY KEY AUTOINCREMENT NOT NULL, "name" varchar(255), "created_at" datetime, "updated_at" datetime);
INSERT INTO "product_attribute_fields" VALUES(1, 'Width', '2009-06-03 08:28:32', '2009-06-03 08:28:32');
INSERT INTO "product_attribute_fields" VALUES(2, 'Height', '2009-06-03 08:28:32', '2009-06-03 08:28:32');
INSERT INTO "product_attribute_fields" VALUES(3, 'Depth', '2009-06-03 08:28:32', '2009-06-03 08:28:32');
INSERT INTO "product_attribute_fields" VALUES(4, 'Seat Height', '2009-06-03 08:28:32', '2009-06-03 08:28:32');
INSERT INTO "product_attribute_fields" VALUES(5, 'Seat Diameter', '2009-06-03 08:28:32', '2009-06-03 08:28:32');
INSERT INTO "product_attribute_fields" VALUES(6, 'Diameter', '2009-06-03 08:28:32', '2009-06-03 08:28:32');
INSERT INTO "product_attribute_fields" VALUES(7, 'Length', '2009-06-03 08:28:32', '2009-06-03 08:28:32');
INSERT INTO "product_attribute_fields" VALUES(8, 'Width x Width', '2009-06-03 08:28:32', '2009-06-03 08:28:32');
INSERT INTO "product_attribute_fields" VALUES(9, 'Headboard Height', '2009-06-03 08:28:32', '2009-06-03 08:28:32');
INSERT INTO "product_attribute_fields" VALUES(10, 'Footboard Height', '2009-06-03 08:28:32', '2009-06-03 08:28:32');
INSERT INTO "product_attribute_fields" VALUES(11, 'Siderail Height', '2009-06-03 08:28:32', '2009-06-03 08:28:32');
CREATE TABLE "product_attributes" ("id" INTEGER PRIMARY KEY AUTOINCREMENT NOT NULL, "product_id" integer NOT NULL, "product_attribute_field_id" integer NOT NULL, "value" varchar(255) NOT NULL);
CREATE TABLE "weaves" ("id" INTEGER PRIMARY KEY AUTOINCREMENT NOT NULL, "name" varchar(255), "url" varchar(255), "created_at" datetime, "updated_at" datetime);
INSERT INTO "weaves" VALUES(1, 'Standard', '/standard', '2009-06-04 09:17:37', '2009-06-04 09:17:37');
INSERT INTO "weaves" VALUES(2, 'Naturals', '/naturals', '2009-06-04 09:17:37', '2009-06-04 09:17:37');
INSERT INTO "weaves" VALUES(3, 'Loomtex', '/loomtex', '2009-06-04 09:17:37', '2009-06-04 09:17:37');
INSERT INTO "weaves" VALUES(4, 'Outdoor', '/outdoor', '2009-06-04 09:17:37', '2009-06-04 09:17:37');
INSERT INTO "weaves" VALUES(5, 'Other', '/other', '2009-06-04 09:17:37', '2009-06-04 09:17:37');
CREATE TABLE "fabrics" ("id" INTEGER PRIMARY KEY AUTOINCREMENT NOT NULL, "name" varchar(255), "url" varchar(255), "created_at" datetime, "updated_at" datetime);
INSERT INTO "fabrics" VALUES(1, 'Fabric', '/fabric', '2009-06-04 09:17:37', '2009-06-04 09:17:37');
CREATE TABLE "product_weaves" ("id" INTEGER PRIMARY KEY AUTOINCREMENT NOT NULL, "product_id" integer, "weave_id" integer, "created_at" datetime, "updated_at" datetime);
INSERT INTO "product_weaves" VALUES(4, 1, 2, '2009-06-08 12:13:42', '2009-06-08 12:13:42');
INSERT INTO "product_weaves" VALUES(5, 7, 1, '2009-06-08 12:16:44', '2009-06-08 12:16:44');
INSERT INTO "product_weaves" VALUES(6, 14, 1, '2009-06-08 12:32:14', '2009-06-08 12:32:14');
INSERT INTO "product_weaves" VALUES(7, 15, 1, '2009-06-08 12:32:44', '2009-06-08 12:32:44');
INSERT INTO "product_weaves" VALUES(8, 20, 1, '2009-06-08 12:48:52', '2009-06-08 12:48:52');
INSERT INTO "product_weaves" VALUES(9, 23, 1, '2009-06-08 12:59:40', '2009-06-08 12:59:40');
INSERT INTO "product_weaves" VALUES(10, 4, 1, '2009-06-08 15:00:47', '2009-06-08 15:00:47');
CREATE TABLE "product_fabrics" ("id" INTEGER PRIMARY KEY AUTOINCREMENT NOT NULL, "product_id" integer, "fabric_id" integer, "created_at" datetime, "updated_at" datetime);
INSERT INTO "product_fabrics" VALUES(4, 1, 1, '2009-06-08 12:13:42', '2009-06-08 12:13:42');
INSERT INTO "product_fabrics" VALUES(5, 7, 1, '2009-06-08 12:16:44', '2009-06-08 12:16:44');
INSERT INTO "product_fabrics" VALUES(6, 4, 1, '2009-06-08 15:00:47', '2009-06-08 15:00:47');
CREATE UNIQUE INDEX "unique_schema_migrations" ON "schema_migrations" ("version");
CREATE INDEX "index_tags_on_name_and_kind" ON "tags" ("name", "kind");
CREATE INDEX "index_taggings_on_tag_id" ON "taggings" ("tag_id");
CREATE INDEX "index_taggings_on_taggable_id_and_taggable_type" ON "taggings" ("taggable_id", "taggable_type");
COMMIT;
